{"eUeA/mUHIXhyJjEgFE00tA==":"logo-idmji-spanish.svg-80x45.jpeg","oafcztBW5JS/Sz7NnuT+Ig==":"logo-idmji-espan%CC%83ol-222x124.jpg","lSMSkDvhZGALi6XUGf/Oew==":"logo-idmji-espan%CC%83ol-222x124.jpeg","o6jREEdi+uDmSSFfkUxVGA==":"logo-idmji-espan%CC%83ol-696x390.jpg","tJ2j6K9CcAkGmwL9WIOvUQ==":"logo-idmji-english-696x390.jpg","sLbgtS8iPBuqIA0l6GrXkg==":"branding-canales-de-youtube-aleman-696x696.jpg","hSxvoUNr0gG8mcgyXVWt3Q==":"branding-canales-de-youtube-aleman-696x696.jpeg","Afvj5079Nste7z1efKJr4w==":"frankfurt-1709969-1920-696x464.jpg","+k+AOWOPoAp5sfSaIGGeEw==":"berlin-696x463.jpg","5Vk0IBA2lGGYCXtN2fNiuQ==":"munich-5037378-1920-696x411.jpg","2aLnhcUSvy7+SLnM2nfrQQ==":"berlin-696x463.jpeg","e4ppdv6zoAdORwkchSOB0A==":"berlin-1-696x463.jpeg","KaLzw70RuiT4JqBkcjygpg==":"frankfurt-1709969-1920-696x464.jpeg","b2bDsHp34Mwj1YkNwhHHYQ==":"stuttgart-354557-1920-542x360.jpg","FxyKuyV1QVu0RUUQ97700Q==":"stuttgart-354557-1920-542x360.jpeg","T90oBehYpVqtQV1fVDgy7Q==":"munich-1558710-1920-542x270.jpg","sOI203vkv9W4GyeDDMuPPw==":"munch2-542x305.jpg","jQBQO9FA06kvLhnHUugiAQ==":"munch2-1-542x305.jpg","J/Sl5WIIAPgxL9ldhIHbLA==":"munch2-542x361.jpg","SW0I4kOAAKWq3CEzd+9GAg==":"munch2-542x361.jpeg","5lxKFK8bTVrIP/9L8MG2tA==":"background2.jpg","/U4yFE7TLFNfiU7toEpSNQ==":"spain-640x360.jpg","Qz66w4ufhQZpVPRnPM2RXg==":"alemania-462x280.jpeg","d0ubDYEorsepwyTOQH4ePg==":"background4.jpg","WVPS05Q10y1Pjb3TMldgFg==":"hamburg-5286863-1920-534x356.jpg","+CnG75bbCP6RV2byQ2eOBQ==":"hamburg-5286863-1920-534x356.jpeg","sMgllsjH6BPdhZx4jrSB3A==":"hamburg-5286863-1921-534x356.jpeg","NKz4Rzqsh1qpZbkGtUxy8Q==":"01.jpg"}